CourseID,DepartmentID,FacultyID,Credits,Semester
CS1000,3,5128,2,3
CS1001,2,5241,3,7
CS1002,4,5080,2,6
CS1003,7,5122,2,1
CS1004,3,5245,5,3
CS1005,3,5181,4,2
CS1006,10,5051,3,6
CS1007,7,5033,4,5
CS1008,4,5124,3,3
CS1009,15,5233,4,1
CS1010,12,5229,2,3
CS1011,6,5226,3,1
CS1012,1,5067,3,3
CS1013,1,5144,2,3
CS1014,9,5195,2,3
CS1015,5,5123,5,7
CS1016,7,5233,5,4
CS1017,1,5049,2,8
CS1018,3,5152,4,1
CS1019,10,5156,3,8
CS1020,6,5020,3,8
CS1021,7,5226,4,2
CS1022,5,5188,2,7
CS1023,8,5144,2,5
CS1024,14,5083,2,3
CS1025,1,5130,4,7
CS1026,6,5063,4,2
CS1027,15,5145,4,1
CS1028,6,5239,5,5
CS1029,13,5174,4,4
CS1030,12,5064,2,2
CS1031,1,5213,5,6
CS1032,14,5044,5,8
CS1033,3,5035,4,8
CS1034,13,5186,4,1
CS1035,3,5232,3,6
CS1036,10,5063,2,3
CS1037,15,5195,3,8
CS1038,3,5095,4,5
CS1039,11,5199,4,6
CS1040,11,5003,3,1
CS1041,8,5147,4,3
CS1042,6,5064,5,8
CS1043,8,5038,3,7
CS1044,8,5170,5,4
CS1045,10,5002,5,6
CS1046,15,5020,5,4
CS1047,9,5001,5,7
CS1048,3,5103,5,5
CS1049,1,5155,2,8
CS1050,4,5119,3,3
CS1051,10,5246,2,8
CS1052,7,5070,2,4
CS1053,7,5017,4,6
CS1054,5,5064,2,3
CS1055,10,5020,4,7
CS1056,6,5004,4,5
CS1057,9,5076,2,5
CS1058,10,5045,3,4
CS1059,14,5083,5,1
CS1060,12,5034,3,4
CS1061,6,5231,2,2
CS1062,11,5124,4,7
CS1063,4,5106,3,1
CS1064,6,5137,4,7
CS1065,1,5121,2,5
CS1066,4,5086,2,8
CS1067,6,5155,3,2
CS1068,8,5041,5,2
CS1069,15,5247,2,5
CS1070,6,5101,3,2
CS1071,13,5226,4,8
CS1072,11,5151,5,2
CS1073,13,5045,5,6
CS1074,1,5135,5,6
CS1075,6,5129,4,4
CS1076,15,5121,5,2
CS1077,7,5182,5,1
CS1078,10,5103,4,2
CS1079,2,5147,5,5
CS1080,11,5077,5,4
CS1081,13,5046,2,8
CS1082,11,5115,4,5
CS1083,6,5118,4,8
CS1084,15,5174,5,1
CS1085,7,5010,4,6
CS1086,9,5184,3,5
CS1087,9,5202,4,7
CS1088,5,5192,3,3
CS1089,14,5119,4,5
CS1090,2,5249,2,6
CS1091,7,5093,3,8
CS1092,8,5013,2,6
CS1093,14,5241,5,3
CS1094,7,5102,2,1
CS1095,14,5094,3,8
CS1096,13,5150,3,1
CS1097,1,5142,4,5
CS1098,7,5060,2,7
CS1099,12,5194,4,7
CS1100,1,5102,5,5
CS1101,10,5199,3,3
CS1102,4,5124,4,6
CS1103,12,5210,3,4
CS1104,12,5205,3,4
CS1105,11,5022,4,4
CS1106,11,5039,4,5
CS1107,9,5083,3,3
CS1108,12,5002,5,7
CS1109,7,5082,3,5
CS1110,8,5156,5,2
CS1111,1,5145,2,1
CS1112,3,5216,2,1
CS1113,1,5005,3,3
CS1114,12,5107,5,7
CS1115,14,5023,5,1
CS1116,9,5183,5,5
CS1117,5,5177,2,7
CS1118,3,5244,5,8
CS1119,13,5105,4,1
CS1120,3,5221,4,3
CS1121,6,5015,2,3
CS1122,3,5208,2,6
CS1123,4,5094,3,8
CS1124,6,5149,3,8
CS1125,2,5245,5,7
CS1126,12,5100,2,7
CS1127,3,5073,3,4
CS1128,4,5135,2,2
CS1129,14,5171,2,8
CS1130,15,5174,2,2
CS1131,8,5118,4,5
CS1132,7,5005,3,5
CS1133,9,5233,5,5
CS1134,10,5029,5,6
CS1135,1,5116,3,2
CS1136,15,5033,3,4
CS1137,2,5219,4,4
CS1138,5,5153,5,7
CS1139,3,5026,5,5
CS1140,2,5163,2,4
CS1141,8,5089,2,5
CS1142,2,5097,4,7
CS1143,12,5098,3,4
CS1144,10,5183,5,4
CS1145,11,5033,5,7
CS1146,1,5040,4,7
CS1147,4,5227,4,6
CS1148,15,5091,2,2
CS1149,3,5016,2,5
CS1150,15,5173,4,3
CS1151,6,5048,4,6
CS1152,4,5241,2,2
CS1153,13,5146,5,6
CS1154,5,5145,5,1
CS1155,6,5202,4,5
CS1156,6,5173,2,5
CS1157,6,5037,2,1
CS1158,3,5009,3,8
CS1159,1,5161,5,2
CS1160,4,5214,5,1
CS1161,14,5073,3,2
CS1162,3,5244,2,1
CS1163,1,5073,5,8
CS1164,10,5120,4,3
CS1165,2,5010,2,5
CS1166,9,5110,4,5
CS1167,3,5088,4,7
CS1168,12,5132,5,3
CS1169,3,5042,2,6
CS1170,13,5068,4,2
CS1171,8,5022,2,6
CS1172,14,5097,5,4
CS1173,10,5187,3,4
CS1174,12,5222,5,1
CS1175,8,5002,5,5
CS1176,11,5132,5,3
CS1177,12,5061,4,4
CS1178,9,5161,4,2
CS1179,8,5224,4,3
CS1180,1,5077,5,8
CS1181,1,5010,4,4
CS1182,12,5001,5,7
CS1183,3,5118,3,3
CS1184,6,5087,3,3
CS1185,8,5215,4,4
CS1186,9,5059,3,7
CS1187,13,5204,3,3
CS1188,6,5014,5,4
CS1189,5,5135,3,8
CS1190,4,5230,3,4
CS1191,14,5000,2,5
CS1192,15,5242,5,5
CS1193,7,5123,4,1
CS1194,4,5135,2,6
CS1195,12,5075,2,6
CS1196,12,5042,2,4
CS1197,10,5126,2,1
CS1198,14,5230,2,1
CS1199,5,5193,4,4
